Algorithm,Run_ID,Episode_Score
Greedy,0,52.59999999999992
Greedy,1,52.63999999999992
Greedy,1,34.63999999999999
Greedy,2,53.31999999999991
Greedy,3,53.19999999999991
Greedy,3,50.87999999999996
Greedy,4,54.399999999999885
Greedy,5,53.9199999999999
Greedy,6,52.59999999999992
Greedy,7,55.47999999999987
Greedy,8,60.959999999999766
Greedy,9,52.71999999999992
Greedy,9,53.719999999999914
